[{"code":"0201","name":"Trường Trung cấp Bách Khoa TP. Hồ Chí Minh"},{"code":"0206","name":"Trường Trung cấp Đông Dương"},{"code":"0240","name":"Trường trung cấp Bến Thành"},{"code":"2011","name":"Trường Trung cấp Sài Gòn"},{"code":"3402","name":"Trường trung cấp Quảng Đông"},{"code":"4003","name":"Trung cấp Sư phạm Mầm non Đắk lắk"},{"code":"7001","name":"Trường Trung cấp Tài chính Kế toán Bình Dương"},{"code":"ANS","name":"Trường Đại học An ninh Nhân dân"},{"code":"BKA","name":"Trường Đại học Bách Khoa Hà Nội"},{"code":"BMU","name":"Trường Đại học Buôn Ma Thuột"},{"code":"BPH","name":"Học viện Biên phòng"},{"code":"BVH","name":"Học viện Công nghệ Bưu chính Viễn thông"},{"code":"BVS","name":"Học viện Công nghệ Bưu chính Viễn thông - Cơ sở 2"},{"code":"BVU","name":"Trường Đại học Bà Rịa - Vũng Tàu"},{"code":"C05","name":"Trường Cao đẳng Sư phạm Hà Giang"},{"code":"C06","name":"Trường Cao đẳng Sư phạm Cao Bằng"},{"code":"C08","name":"Trường Cao đẳng Sư phạm Lào Cai"},{"code":"C10","name":"Trường Cao đẳng Sư phạm Lạng Sơn"},{"code":"C11","name":"Trường Cao đẳng Cộng đồng Bắc Kạn"},{"code":"C12","name":"Trường Cao đẳng Sư phạm Thái Nguyên"},{"code":"C13","name":"Trường Cao đẳng Sư phạm Yên Bái"},{"code":"C14","name":"Trường Cao đẳng Sơn La"},{"code":"C18","name":"Trường Cao đẳng Ngô Gia Tự - Bắc Giang"},{"code":"C19","name":"Trường Cao đẳng Sư phạm Bắc Ninh"},{"code":"C20","name":"Trường Cao đẳng Sư phạm Hà Tây"},{"code":"C21","name":"Trường Cao đẳng Hải Dương"},{"code":"C22","name":"Trường Cao đẳng Sư phạm Hưng Yên"},{"code":"C23","name":"Trường Cao đẳng Sư phạm Hoà Bình"},{"code":"C25","name":"Trường Cao đẳng Sư phạm Nam Định"},{"code":"C29","name":"Trường Cao đẳng Sư phạm Nghệ An"},{"code":"C32","name":"Trường Cao đẳng Sư phạm Quảng Trị"},{"code":"C33","name":"Trường Cao đẳng Sư phạm Thừa Thiên Huế"},{"code":"C36","name":"Trường Cao đẳng Cộng đồng KonTum"},{"code":"C37","name":"Trường Cao đẳng Bình Định"},{"code":"C38","name":"Trường Cao đẳng Sư phạm Gia Lai"},{"code":"C40","name":"Trường Cao đẳng Sư phạm Đắk Lắk"},{"code":"C42","name":"Trường Cao đẳng Sư phạm Đà Lạt"},{"code":"C43","name":"Trường Cao đẳng Sư phạm Bình Phước"},{"code":"C45","name":"Trường Cao đẳng Sư phạm Ninh Thuận"},{"code":"C46","name":"Trường Cao đẳng Sư phạm Tây Ninh"},{"code":"C47","name":"Trường Cao đẳng Cộng đồng Bình Thuận"},{"code":"C49","name":"Trường Cao đẳng Sư phạm Long An"},{"code":"C52","name":"Trường Cao đẳng Sư phạm Bà Rịa-Vũng Tàu"},{"code":"C54","name":"Trường Cao đẳng Sư phạm Kiên Giang"},{"code":"C55","name":"Trường Cao đẳng Cần Thơ"},{"code":"C56","name":"Trường Cao đẳng Bến Tre"},{"code":"C57","name":"Trường Cao đẳng Sư phạm Vĩnh Long"},{"code":"C59","name":"Trường Cao đẳng Sư phạm Sóc Trăng"},{"code":"C62","name":"Trường Cao đẳng Sư phạm Điện Biên"},{"code":"CCM","name":"Trường Đại học Công nghiệp Dệt may Hà Nội"},{"code":"CDD0407","name":"Cao Đẳng Đại Việt Đà Nẵng"},{"code":"CEA","name":"Trường Đại học Kinh tế Nghệ An"},{"code":"CM1","name":"Trường Cao đẳng Sư phạm Trung ương"},{"code":"CM2","name":"Trường Cao đẳng Sư phạm Trung ương Nha Trang"},{"code":"CM3","name":"Trường Cao đẳng Sư phạm trung ương TP.Hồ Chí Minh"},{"code":"CNV","name":"Trường Cao đẳng Văn hoá Nghệ thuật Việt Bắc"},{"code":"CSH","name":"Học viện Cảnh sát Nhân dân"},{"code":"CSS","name":"Trường Đại học Cảnh sát Nhân dân"},{"code":"CTO","name":"Trường Cao đẳng Thể dục Thể thao Thanh Hoá"},{"code":"CVV","name":"Trường Cao đẳng Văn hoá Nghệ thuật Nghệ An"},{"code":"D64","name":"Trường Cao đẳng Cộng đồng Hậu Giang"},{"code":"DAD","name":"Trường Đại học Đông Á"},{"code":"DBD","name":"Trường Đại học Bình Dương"},{"code":"DBG","name":"Trường Đại học Nông lâm Bắc Giang"},{"code":"DBH","name":"Trường Đại học Quốc tế Bắc Hà"},{"code":"DBL","name":"Trường Đại học Bạc Liêu"},{"code":"DCD","name":"Trường Đại học Công nghệ Đồng Nai"},{"code":"DCG","name":"Trường Đại học Tư thục Công nghệ Thông tin Gia Định"},{"code":"DCH","name":"Trường Sĩ quan Đặc công"},{"code":"DCL","name":"Trường Đại học Cửu Long"},{"code":"DCN","name":"Trường Đại học Công nghiệp Hà Nội"},{"code":"DCQ","name":"Trường Đại học Công nghệ và Quản lý Hữu nghị"},{"code":"DCT","name":"Trường Đại học Công nghiệp Thực phẩm tp. Hồ Chí Minh"},{"code":"DCV","name":"Trường Đại học Công nghiệp Vinh"},{"code":"DD","name":"Đại học Đà Nẵng"},{"code":"DDB","name":"Trường Đại học Thành Đông"},{"code":"DDC","name":"Khoa Công nghệ - Đại học Đà Nẵng"},{"code":"DDD","name":"Trường Đại học Dân lập Đông Đô"},{"code":"DDF","name":"Trường Đại họ̣c Ngoại ngữ - Đại học Đà Nẵng"},{"code":"DDG","name":"Khoa Giáo dục thể chất - Đại học Đà Nẵng"},{"code":"DDI","name":"Khoa Công nghệ thông tin và truyền thông - Đại học Đà Nẵng"},{"code":"DDK","name":"Trường Đại họ̣c Bách khoa - Đại học Đà Nẵng"},{"code":"DDL","name":"Trường Đại học Điện lực"},{"code":"DDM","name":"Trường Đại học Công nghiệp Quảng Ninh"},{"code":"DDN","name":"Trường Đại học Đại Nam"},{"code":"DDP","name":"Phân hiệu ĐHĐN tại KonTum"},{"code":"DDQ","name":"Trường Đại học Kinh tế - Đại học Đà Nẵng"},{"code":"DDS","name":"Trường Đại họ̣c Sư phạm - Đại học Đà Nẵng"},{"code":"DDT","name":"Trường Đại học Duy Tân"},{"code":"DDV","name":"Viện Nghiên cứu và Đào tạo Việt - Anh thuộc Đại học Đà Nẵng"},{"code":"DDY","name":"Khoa Y dược - Đại học Đà Nẵng"},{"code":"DFA","name":"Trường Đại học Tài chính - Quản trị Kinh doanh"},{"code":"DH","name":"Đại học Huế"},{"code":"DHV","name":"Trường Đại học Hùng Vương - tp. Hồ Chí Minh"},{"code":"DKB","name":"Trường Đại học Kinh tế - Kỹ thuật Bình Dương"},{"code":"DKC","name":"Trường Đại học Công nghệ Tp. Hồ Chí Minh"},{"code":"DKH","name":"Trường Đại học Dược Hà Nội"},{"code":"DKK","name":"Trường Đại học Kinh tế Kỹ thuật Công nghiệp"},{"code":"DKS","name":"Trường Đại học Kiểm sát Hà Nội"},{"code":"DKT","name":"Trường Đại học Hải Dương"},{"code":"DKY","name":"Trường Đại học Kỹ thuật Y tế Hải Dương"},{"code":"DLA","name":"Trường Đại học Kinh tế Công nghiệp Long An"},{"code":"DLH","name":"Trường Đại học Lạc Hồng"},{"code":"DLS","name":"Trường Đại học Lao động - Xã hội (Cơ sở II TP. HCM)"},{"code":"DLX","name":"Trường Đại học Lao động - Xã hội (Trụ sở chính)"},{"code":"DMD","name":"Trường Đại học Công nghệ miền Đông"},{"code":"DMS","name":"Trường Đại học Tài chính - Marketing"},{"code":"DMT","name":"Trường Đại học Tài nguyên và Môi Trường Hà Nội"},{"code":"DNB","name":"Trường Đại học Hoa Lư"},{"code":"DNC","name":"Trường Đại học nam Cần Thơ"},{"code":"DNU","name":"Trường Đại học Đồng Nai"},{"code":"DNV","name":"Trường Đại học Nội vụ Hà Nội"},{"code":"DPC","name":"Trường Đại học Phan Châu Trinh"},{"code":"DPD","name":"Trường Đại học Dân lập Phương Đông"},{"code":"DPQ","name":"Trường Đại học Phạm Văn Đồng"},{"code":"DPT","name":"Trường Đại học Phan Thiết"},{"code":"DPX","name":"Trường Đại học Dân lập Phú Xuân"},{"code":"DPY","name":"Trường Đại học Phú Yên"},{"code":"DQB","name":"Trường Đại học Quảng Bình"},{"code":"DQK","name":"Trường Đại học Kinh doanh và Công nghệ Hà Nội"},{"code":"DQN","name":"Trường Đại học Quy Nhơn"},{"code":"DQT","name":"Trường Đại học Quang Trung"},{"code":"DQU","name":"Trường Đại học Quảng Nam"},{"code":"DSD","name":"Trường Đại học Sân khấu, Điện ảnh tp. Hồ Chí Minh"},{"code":"DSG","name":"Trường Đại học Công nghệ Sài Gòn"},{"code":"DT","name":"Đại học Thái Nguyên"},{"code":"DTA","name":"Trường Đại học Thành Tây"},{"code":"DTB","name":"Trường Đại học Thái Bình"},{"code":"DTC","name":"Trường Đại học Công nghệ Thông tin và Truyền thông - Đại học Thái Nguyên"},{"code":"DTD","name":"Trường Đại học Tây Đô"},{"code":"DTE","name":"Trường Đại học Kinh tế Quản trị Kinh doanh - Đại học Thái Nguyên"},{"code":"DTF","name":"Khoa Ngoại ngữ - Đại học Thái Nguyên"},{"code":"DTH","name":"Trường Đại học Hoa Sen"},{"code":"DTK","name":"Trường Đại học Kỹ thuật Công nghiệp - Đại học Thái Nguyên"},{"code":"DTL","name":"Trường Đại học Thăng Long"},{"code":"DTM","name":"Trường Đại học Tài nguyên và Môi Trường tp. Hồ Chí Minh"},{"code":"DTN","name":"Trường Đại học Nông lâm - Đại học Thái Nguyên"},{"code":"DTP","name":"Phân hiệu Đại học Thái Nguyên tại Lào Cai"},{"code":"DTQ","name":"Khoa quốc tế - Đại học Thái Nguyên"},{"code":"DTS","name":"Trường Đại học Sư phạm - Đại học Thái Nguyên"},{"code":"DTT","name":"Trường Đại học Tôn Đức Thắng"},{"code":"DTV","name":"Trường Đại học Lương Thế Vinh"},{"code":"DTY","name":"Trường Đại học Y dược - Đại học Thái Nguyên"},{"code":"DTZ","name":"Trường Đại học Khoa học - Đại học Thái Nguyên"},{"code":"DVB","name":"Trường Đại học Việt bắc"},{"code":"DVD","name":"Trường Đại học Văn hoá, Thể thao và Du lịch Thanh Hoá"},{"code":"DVH","name":"Trường Đại học Văn Hiến"},{"code":"DVL","name":"Trường Đại học Văn Lang"},{"code":"DVP","name":"Trường Đại học Trưng vương"},{"code":"DVX","name":"Trường Đại học Công nghệ Vạn Xuân"},{"code":"DYD","name":"Trường Đại học Yersin Đà Lạt"},{"code":"EIU","name":"Trường Đại học Quốc tế miền Đông"},{"code":"ETU","name":"Trường Đại học Hòa Bình"},{"code":"FBU","name":"Trường Đại học Tài chính - Ngân hàng Hà Nội"},{"code":"FPT","name":"Trường Đại học Fpt"},{"code":"GHA","name":"Trường Đại học Giao thông Vận tải"},{"code":"GNT","name":"Trường Đại học Sư phạm Nghệ thuật Trung ương"},{"code":"GSA","name":"Trường Đại học Giao thông Vận tải - Cơ sở 2 ở phía Nam"},{"code":"GTA","name":"Trường Đại học Công nghệ Giao thông Vận tải"},{"code":"GTS","name":"Trường Đại học Giao thông Vận tải tp. Hồ Chí Minh"},{"code":"HBT","name":"Học viện Báo chí và Tuyên truyền"},{"code":"HBU","name":"Đại học Quốc tế Hồng Bàng"},{"code":"HCP","name":"Học viện Chính sách và Phát triển"},{"code":"HDT","name":"Trường Đại học Hồng Đức"},{"code":"HEH","name":"Học viện Hậu cần (hệ Quân sự)"},{"code":"HGH","name":"Trường sĩ quan Phòng hoá"},{"code":"HHA","name":"Trường Đại học Hàng hải Việt Nam"},{"code":"HHK","name":"Học viện Hàng không Việt Nam"},{"code":"HHT","name":"Trường Đại học Hà Tĩnh"},{"code":"HPN","name":"Học viện Phụ nữ Việt Nam"},{"code":"HQH","name":"Học viện Hải quân"},{"code":"HQP","name":"Học viện Quốc phòng"},{"code":"HQT","name":"Học viện Ngoại giao"},{"code":"HTA","name":"Học viện Toà án"},{"code":"HTC","name":"Học viện Tài chính"},{"code":"HTN","name":"Học viện Thanh thiếu niên Việt Nam"},{"code":"HUI","name":"Trường Đại học Công nghiệp tp. Hồ Chí Minh"},{"code":"HVA","name":"Học viện Âm nhạc Huế"},{"code":"HVN","name":"Học viện Nông nghiệp Việt Nam"},{"code":"HVQ","name":"Học viện Quản lý Giáo dục"},{"code":"HYD","name":"Học viện Y dược học Cổ truyền Việt Nam"},{"code":"IUQ","name":"Phân hiệu ĐH Công nghiệp Tp. HCM tại Quảng Ngãi"},{"code":"KCC","name":"Trường Đại học Kỹ thuật - Công nghệ Cần Thơ"},{"code":"KGH","name":"Trường Sĩ quan Không quân"},{"code":"KHA","name":"Trường Đại học Kinh tế Quốc dân"},{"code":"KMA","name":"Học viện Kỹ thuật Mật mã"},{"code":"KPH","name":"Học viện Phòng không - Không quân"},{"code":"KSA","name":"Trường Đại học Kinh tế tp. Hồ Chí Minh"},{"code":"KTC","name":"Trường Đại học Kinh tế - Tài chính tp. Hồ Chí Minh"},{"code":"KTD","name":"Trường Đại học Kiến trúc Đà Nẵng"},{"code":"LBH","name":"Trường Đại học Nguyễn Huệ"},{"code":"LCH","name":"Trường Sĩ quan Chính trị (hệ quân sự)"},{"code":"LDA","name":"Trường Đại học Công Đoàn"},{"code":"LNH","name":"Trường Đại học Lâm nghiệp (Phía Bắc)"},{"code":"LPS","name":"Trường Đại học Luật tp. Hồ Chí Minh"},{"code":"MBS","name":"Trường Đại học Mở tp. Hồ Chí Minh"},{"code":"MDA","name":"Trường Đại học Mỏ - Địa chất"},{"code":"MHN","name":"Viện Đại học Mở Hà Nội"},{"code":"MTC","name":"Trường Đại học Mỹ thuật Công nghiệp"},{"code":"MTH","name":"Trường Đại học Mỹ thuật Việt Nam"},{"code":"MTU","name":"Trường Đại học Xây dựng miền Tây"},{"code":"NHB","name":"Học viện Ngân hàng (Cơ sở Bắc Ninh)"},{"code":"NHF","name":"Trường Đại học Hà Nội"},{"code":"NHH","name":"Học viện Ngân hàng (Cơ sở Hà Nội)"},{"code":"NHP","name":"Học viện Ngân hàng (Cơ sở Phú Yên)"},{"code":"NHS","name":"Trường Đại học Ngân hàng tp. Hồ Chí Minh"},{"code":"NLG","name":"Phân hiệu Trường Đại học Nông lâm Tp. Hồ Chí Minh tại Gia Lai"},{"code":"NLN","name":"Phân hiệu Trường Đại học nông lâm tp. Hồ Chí Minh tại Ninh Thuận"},{"code":"NLS","name":"Trường Đại học Nông lâm Tp. Hồ Chí Minh"},{"code":"NQH","name":"Học viện Khoa học Quân sự (quân sự)"},{"code":"NTH","name":"Trường Đại học Ngoại thương"},{"code":"NTS","name":"Trường Đại học Ngoại thương - Cơ sở phía Nam"},{"code":"NTT","name":"Trường Đại học Nguyễn Tất Thành"},{"code":"NTU","name":"Trường Đại học Nguyễn Trãi"},{"code":"NVH","name":"Học viện Âm nhạc Quốc gia Việt Nam"},{"code":"PBH","name":"Trường Sĩ quan Pháo binh"},{"code":"PCH","name":"Trường Đại học Phòng cháy Chữa cháy"},{"code":"PKH","name":"Học viện Phòng không - Không quân"},{"code":"PVU","name":"Trường Đại học Dầu khí Việt Nam"},{"code":"QH","name":"Đại học Quốc gia Hà Nội"},{"code":"QHE","name":"Trường Đại học Kinh tế - Đại học Quốc gia Hà Nội"},{"code":"QHF","name":"Trường Đại học Ngoại ngữ - Đại học Quốc gia Hà Nội"},{"code":"QHI","name":"Trường Đại học Công nghệ - Đại học Quốc gia Hà Nội"},{"code":"QHL","name":"Khoa luật - Đại học Quốc gia Hà Nội"},{"code":"QHQ","name":"Khoa Quốc tế - Đại học Quốc gia Hà Nội"},{"code":"QHS","name":"Trường Đại học Giáo dục - Đại học Quốc gia Hà Nội"},{"code":"QHT","name":"Trường Đại học Khoa học Tự nhiên - Đại học Quốc gia Hà Nội"},{"code":"QHX","name":"Trường Đại học Khoa học Xã hội và Nhân văn - Đại học Quốc gia Hà Nội"},{"code":"QHY","name":"Khoa Y - Dược - Đại học Quốc gia Hà Nội"},{"code":"QS","name":"Đại học Quốc gia Tp. Hồ Chí Minh"},{"code":"QSB","name":"Trường Đại học Bách Khoa - Đại học Quốc gia TP.HCM"},{"code":"QSC","name":"Trường Đại học Công nghệ Thông tin - Đại học Quốc gia TP.HCM"},{"code":"QSK","name":"Trường Đại học Kinh tế - Luật - Đại học Quốc gia TP.HCM"},{"code":"QSQ","name":"Trường Đại học Quốc tế - Đại học Quốc gia TP.HCM"},{"code":"QST","name":"Trường Đại học Khoa học Tự nhiên - Đại học Quốc gia TP.HCM"},{"code":"QSX","name":"Trường Đại học Khoa học Xã hội và Nhân văn - Đại học Quốc gia TP.HCM"},{"code":"QSY","name":"Khoa Y - Đại học Quốc gia TP.HCM"},{"code":"SDU","name":"Trường Đại học Sao Đỏ"},{"code":"SGD","name":"Trường Đại học Sài Gòn"},{"code":"SKD","name":"Trường Đại học Sân khấu Điện ảnh Hà Nội"},{"code":"SKN","name":"Trường Đại học Sư phạm Kỹ thuật Nam Định"},{"code":"SKV","name":"Trường Đại học Sư phạm Kỹ thuật Vinh"},{"code":"SNH","name":"Trường Sĩ quan Công binh"},{"code":"SP2","name":"Trường Đại học Sư phạm Hà Nội 2"},{"code":"SPD","name":"Trường Đại học Đồng Tháp"},{"code":"SPH","name":"Trường Đại học Sư phạm Hà Nội"},{"code":"SPK","name":"Trường Đại học Sư phạm Kỹ thuật tp. Hồ Chí Minh"},{"code":"SPS","name":"Trường Đại học Sư phạm tp. Hồ Chí Minh"},{"code":"STS","name":"Trường Đại học Sư phạm Thể dục Thể thao TP.HCM"},{"code":"TAG","name":"Trường Đại học An Giang"},{"code":"TBD","name":"Trường Đại học Thái Bình Dương"},{"code":"TCT","name":"Trường Đại học Cần Thơ"},{"code":"TCU","name":"Trường Đại học Thông tin liên lạc"},{"code":"TDB","name":"Trường Đại học Thể dục Thể thao Bắc Ninh"},{"code":"TDD","name":"Trường Đại học Thành Đô"},{"code":"TDH","name":"Trường Đại học Sư phạm Thể dục Thể thao Hà Nội"},{"code":"TDL","name":"Trường Đại học Đà Lạt"},{"code":"TDM","name":"Trường Đại học Thủ Dầu Một"},{"code":"TDS","name":"Trường Đại học Thể dục Thể thao Thành phố Hồ Chí Minh"},{"code":"TDV","name":"Trường Đại học Vinh"},{"code":"TGH","name":"Trường Sĩ quan Tăng - Thiết giáp"},{"code":"THP","name":"Trường Đại học Hải Phòng"},{"code":"THU","name":"Trường Đại học Y khoa Tokyo Việt Nam"},{"code":"THV","name":"Trường Đại học Hùng Vương"},{"code":"TKG","name":"Trường Đại học Kiên Giang"},{"code":"TLA","name":"Trường Đại học Thuỷ lợi"},{"code":"TLS","name":"Trường Đại học Thuỷ lợi - Cơ sở 2 ở phía Nam"},{"code":"TMA","name":"Trường Đại học Thương mại"},{"code":"TQU","name":"Trường Đại học Tân Trào"},{"code":"TSN","name":"Trường Đại học Nha Trang"},{"code":"TTB","name":"Trường Đại học Tây Bắc"},{"code":"TTD","name":"Trường Đại học Thể dục Thể thao Đà Nẵng"},{"code":"TTG","name":"Trường Đại học Tiền Giang"},{"code":"TTQ","name":"Trường Đại học Tư thục Quốc tế Sài Gòn"},{"code":"TYS","name":"Trường Đại học Y khoa Phạm Ngọc Thạch"},{"code":"UKH","name":"Trường Đại học Khánh Hoà"},{"code":"VGU","name":"Trường Đại học Việt Đức"},{"code":"VHD","name":"Trường Đại học Công nghiệp Việt - Hung"},{"code":"VHH","name":"Trường Đại học Văn hoá Hà Nội"},{"code":"VHS","name":"Trường Đại học Văn hoá Tp. Hồ Chí Minh"},{"code":"VPH","name":"Trường Sĩ quan Kỹ thuật quân sự"},{"code":"VTT","name":"Trường Đại học Võ Trường Toản"},{"code":"VUI","name":"Trường Đại học Công nghiệp Việt Trì"},{"code":"XDA","name":"Trường Đại học Xây dựng"},{"code":"YDD","name":"Trường Đại học Điều dưỡng Nam Định"},{"code":"YDN","name":"Trường Đại học Kỹ thuật Y - dược Đà Nẵng"},{"code":"YDS","name":"Trường Đại học Y dược TP.HCM"},{"code":"YKV","name":"Trường Đại học Y khoa Vinh"},{"code":"YPB","name":"Trường Đại học Y dược Hải Phòng"},{"code":"YTB","name":"Trường Đại học Y dược Thái Bình"},{"code":"YTC","name":"Trường Đại học Y tế Công cộng"},{"code":"ZNH","name":"Trường Đại học Văn hoá - Nghệ thuật Quân đội"},{"code":"ZPH","name":"Trường Đại học Trần Đại Nghĩa (hệ dân sự)"}]
